Workbook

Sheet retail_sales_dataset
A1: Transaction ID | B1: Date | C1: Customer ID | D1: Gender | E1: Age | F1: Product Category | G1: Quantity | H1: Price per Unit | I1: Total Amount | J1: Store Location | K1: Specific Product (Item) | L1: Supplier | M1: Store Manager | N1: Store ID | O1: Store Manager ID
A2: 1 | B2: 45254 | C2: CUST001 | D2: Male | E2: 34 | F2: Beauty | G2: 3 | H2: 50 | I2: 150 | J2: Sydney | K2: =IFERROR(VLOOKUP(F2&"|"&H2,Feature_Mappings!$A$2:$C$16,2,FALSE()),"") -> Eau de Parfum | L2: =IFERROR(VLOOKUP(F2&"|"&H2,Feature_Mappings!$A$2:$C$16,3,FALSE()),"") -> Luxe Aroma Labs | M2: =IFERROR(VLOOKUP(J2,Feature_Mappings!$D$2:$E$5,2,FALSE()),"") -> Olivia Bennett | N2: STR001 | O2: =IFERROR(INDEX(Store_Manager!$A$2:$A$5,MATCH(M2,Store_Manager!$B$2:$B$5,0)),"") -> MGR001
A3: 2 | B3: 44984 | C3: CUST002 | D3: Female | E3: 26 | F3: Clothing | G3: 2 | H3: 500 | I3: 1000 | J3: Sydney | K3: =IFERROR(VLOOKUP(F3&"|"&H3,Feature_Mappings!$A$2:$C$16,2,FALSE()),"") -> Designer Coat | L3: =IFERROR(VLOOKUP(F3&"|"&H3,Feature_Mappings!$A$2:$C$16,3,FALSE()),"") -> Prestige Fashion House | M3: =IFERROR(VLOOKUP(J3,Feature_Mappings!$D$2:$E$5,2,FALSE()),"") -> Olivia Bennett | N3: STR001 | O3: =IFERROR(INDEX(Store_Manager!$A$2:$A$5,MATCH(M3,Store_Manager!$B$2:$B$5,0)),"") -> MGR001
A4: 3 | B4: 44939 | C4: CUST003 | D4: Male | E4: 50 | F4: Electronics | G4: 1 | H4: 30 | I4: 30 | J4: Sydney | K4: =IFERROR(VLOOKUP(F4&"|"&H4,Feature_Mappings!$A$2:$C$16,2,FALSE()),"") -> Wireless Mouse | L4: =IFERROR(VLOOKUP(F4&"|"&H4,Feature_Mappings!$A$2:$C$16,3,FALSE()),"") -> ByteWave Distributors | M4: =IFERROR(VLOOKUP(J4,Feature_Mappings!$D$2:$E$5,2,FALSE()),"") -> Olivia Bennett | N4: STR001 | O4: =IFERROR(INDEX(Store_Manager!$A$2:$A$5,MATCH(M4,Store_Manager!$B$2:$B$5,0)),"") -> MGR001
A5: 4 | B5: 45067 | C5: CUST004 | D5: Male | E5: 37 | F5: Clothing | G5: 1 | H5: 500 | I5: 500 | J5: Sydney | K5: =IFERROR(VLOOKUP(F5&"|"&H5,Feature_Mappings!$A$2:$C$16,2,FALSE()),"") -> Designer Coat | L5: =IFERROR(VLOOKUP(F5&"|"&H5,Feature_Mappings!$A$2:$C$16,3,FALSE()),"") -> Prestige Fashion House | M5: =IFERROR(VLOOKUP(J5,Feature_Mappings!$D$2:$E$5,2,FALSE()),"") -> Olivia Bennett | N5: STR001 | O5: =IFERROR(INDEX(Store_Manager!$A$2:$A$5,MATCH(M5,Store_Manager!$B$2:$B$5,0)),"") -> MGR001
A6: 5 | B6: 45052 | C6: CUST005 | D6: Male | E6: 30 | F6: Beauty | G6: 2 | H6: 50 | I6: 100 | J6: Sydney | K6: =IFERROR(VLOOKUP(F6&"|"&H6,Feature_Mappings!$A$2:$C$16,2,FALSE()),"") -> Eau de Parfum | L6: =IFERROR(VLOOKUP(F6&"|"&H6,Feature_Mappings!$A$2:$C$16,3,FALSE()),"") -> Luxe Aroma Labs | M6: =IFERROR(VLOOKUP(J6,Feature_Mappings!$D$2:$E$5,2,FALSE()),"") -> Olivia Bennett | N6: STR001 | O6: =IFERROR(INDEX(Store_Manager!$A$2:$A$5,MATCH(M6,Store_Manager!$B$2:$B$5,0)),"") -> MGR001
A7: 6 | B7: 45041 | C7: CUST006 | D7: Female | E7: 45 | F7: Beauty | G7: 1 | H7: 30 | I7: 30 | J7: Sydney | K7: =IFERROR(VLOOKUP(F7&"|"&H7,Feature_Mappings!$A$2:$C$16,2,FALSE()),"") -> Facial Cleanser | L7: =IFERROR(VLOOKUP(F7&"|"&H7,Feature_Mappings!$A$2:$C$16,3,FALSE()),"") -> PureDerma Supplies | M7: =IFERROR(VLOOKUP(J7,Feature_Mappings!$D$2:$E$5,2,FALSE()),"") -> Olivia Bennett | N7: STR001 | O7: =IFERROR(INDEX(Store_Manager!$A$2:$A$5,MATCH(M7,Store_Manager!$B$2:$B$5,0)),"") -> MGR001
A8: 7 | B8: 44998 | C8: CUST007 | D8: Male | E8: 46 | F8: Clothing | G8: 2 | H8: 25 | I8: 50 | J8: Sydney | K8: =IFERROR(VLOOKUP(F8&"|"&H8,Feature_Mappings!$A$2:$C$16,2,FALSE()),"") -> Cotton Socks | L8: =IFERROR(VLOOKUP(F8&"|"&H8,Feature_Mappings!$A$2:$C$16,3,FALSE()),"") -> Urban Basics Co. | M8: =IFERROR(VLOOKUP(J8,Feature_Mappings!$D$2:$E$5,2,FALSE()),"") -> Olivia Bennett | N8: STR001 | O8: =IFERROR(INDEX(Store_Manager!$A$2:$A$5,MATCH(M8,Store_Manager!$B$2:$B$5,0)),"") -> MGR001
A9: 8 | B9: 44979 | C9: CUST008 | D9: Male | E9: 30 | F9: Electronics | G9: 4 | H9: 25 | I9: 100 | J9: Sydney | K9: =IFERROR(VLOOKUP(F9&"|"&H9,Feature_Mappings!$A$2:$C$16,2,FALSE()),"") -> USB-C Charger | L9: =IFERROR(VLOOKUP(F9&"|"&H9,Feature_Mappings!$A$2:$C$16,3,FALSE()),"") -> VoltEdge Electronics | M9: =IFERROR(VLOOKUP(J9,Feature_Mappings!$D$2:$E$5,2,FALSE()),"") -> Olivia Bennett | N9: STR001 | O9: =IFERROR(INDEX(Store_Manager!$A$2:$A$5,MATCH(M9,Store_Manager!$B$2:$B$5,0)),"") -> MGR001
A10: 9 | B10: 45273 | C10: CUST009 | D10: Male | E10: 63 | F10: Electronics | G10: 2 | H10: 300 | I10: 600 | J10: Sydney | K10: =IFERROR(VLOOKUP(F10&"|"&H10,Feature_Mappings!$A$2:$C$16,2,FALSE()),"") -> Tablet | L10: =IFERROR(VLOOKUP(F10&"|"&H10,Feature_Mappings!$A$2:$C$16,3,FALSE()),"") -> NextGen Devices | M10: =IFERROR(VLOOKUP(J10,Feature_Mappings!$D$2:$E$5,2,FALSE()),"") -> Olivia Bennett | N10: STR001 | O10: =IFERROR(INDEX(Store_Manager!$A$2:$A$5,MATCH(M10,Store_Manager!$B$2:$B$5,0)),"") -> MGR001
A11: 10 | B11: 45206 | C11: CUST010 | D11: Female | E11: 52 | F11: Clothing | G11: 4 | H11: 50 | I11: 200 | J11: Sydney | K11: =IFERROR(VLOOKUP(F11&"|"&H11,Feature_Mappings!$A$2:$C$16,2,FALSE()),"") -> Denim Jeans | L11: =IFERROR(VLOOKUP(F11&"|"&H11,Feature_Mappings!$A$2:$C$16,3,FALSE()),"") -> BlueFit Garments | M11: =IFERROR(VLOOKUP(J11,Feature_Mappings!$D$2:$E$5,2,FALSE()),"") -> Olivia Bennett | N11: STR001 | O11: =IFERROR(INDEX(Store_Manager!$A$2:$A$5,MATCH(M11,Store_Manager!$B$2:$B$5,0)),"") -> MGR001
A12: 11 | B12: 44971 | C12: CUST011 | D12: Male | E12: 23 | F12: Clothing | G12: 2 | H12: 50 | I12: 100 | J12: Sydney | K12: =IFERROR(VLOOKUP(F12&"|"&H12,Feature_Mappings!$A$2:$C$16,2,FALSE()),"") -> Denim Jeans | L12: =IFERROR(VLOOKUP(F12&"|"&H12,Feature_Mappings!$A$2:$C$16,3,FALSE()),"") -> BlueFit Garments | M12: =IFERROR(VLOOKUP(J12,Feature_Mappings!$D$2:$E$5,2,FALSE()),"") -> Olivia Bennett | N12: STR001 | O12: =IFERROR(INDEX(Store_Manager!$A$2:$A$5,MATCH(M12,Store_Manager!$B$2:$B$5,0)),"") -> MGR001
A13: 12 | B13: 45229 | C13: CUST012 | D13: Male | E13: 35 | F13: Beauty | G13: 3 | H13: 25 | I13: 75 | J13: Sydney | K13: =IFERROR(VLOOKUP(F13&"|"&H13,Feature_Mappings!$A$2:$C$16,2,FALSE()),"") -> Lip Balm | L13: =IFERROR(VLOOKUP(F13&"|"&H13,Feature_Mappings!$A$2:$C$16,3,FALSE()),"") -> GlowSource Cosmetics | M13: =IFERROR(VLOOKUP(J13,Feature_Mappings!$D$2:$E$5,2,FALSE()),"") -> Olivia Bennett | N13: STR001 | O13: =IFERROR(INDEX(Store_Manager!$A$2:$A$5,MATCH(M13,Store_Manager!$B$2:$B$5,0)),"") -> MGR001
... A1001: 1000 | B1001: 45028 | C1001: CUST1000 | D1001: Male | E1001: 47 | F1001: Electronics | G1001: 4 | H1001: 30 | I1001: 120 | J1001: Perth | K1001: =IFERROR(VLOOKUP(F1001&"|"&H1001,Feature_Mappings!$A$2:$C$16,2,FALSE()),"") -> Wireless Mouse | L1001: =IFERROR(VLOOKUP(F1001&"|"&H1001,Feature_Mappings!$A$2:$C$16,3,FALSE()),"") -> ByteWave Distributors | M1001: =IFERROR(VLOOKUP(J1001,Feature_Mappings!$D$2:$E$5,2,FALSE()),"") -> Ethan Parker | N1001: STR004 | O1001: =IFERROR(INDEX(Store_Manager!$A$2:$A$5,MATCH(M1001,Store_Manager!$B$2:$B$5,0)),"") -> MGR004

Sheet Feature_Mappings
A1: Category_Price_Key | B1: Specific Product (Item) | C1: Supplier | D1: Store Location | E1: Store Manager
A2: Beauty|25 | B2: Lip Balm | C2: GlowSource Cosmetics | D2: Sydney | E2: Olivia Bennett
A3: Beauty|30 | B3: Facial Cleanser | C3: PureDerma Supplies | D3: Melbourne | E3: Liam Carter
A4: Beauty|50 | B4: Eau de Parfum | C4: Luxe Aroma Labs | D4: Brisbane | E4: Sophie Nguyen
A5: Beauty|300 | B5: Skincare Gift Set | C5: Radiant Beauty Wholesale | D5: Perth | E5: Ethan Parker
A6: Beauty|500 | B6: LED Beauty Device | C6: BeautyTech Pro
A7: Clothing|25 | B7: Cotton Socks | C7: Urban Basics Co.
A8: Clothing|30 | B8: Graphic T-Shirt | C8: ThreadWorks Apparel
A9: Clothing|50 | B9: Denim Jeans | C9: BlueFit Garments
A10: Clothing|300 | B10: Leather Jacket | C10: Metro Style Manufacturing
A11: Clothing|500 | B11: Designer Coat | C11: Prestige Fashion House
A12: Electronics|25 | B12: USB-C Charger | C12: VoltEdge Electronics
A13: Electronics|30 | B13: Wireless Mouse | C13: ByteWave Distributors
A14: Electronics|50 | B14: Bluetooth Speaker | C14: SoundSphere Supply
A15: Electronics|300 | B15: Tablet | C15: NextGen Devices
A16: Electronics|500 | B16: Smartphone | C16: NovaTech Wholesale

Sheet Store_Manager
A1: Store Manager ID | B1: Full Name | C1: Email | D1: Phone | E1: Hire Date | F1: Leadership Level | G1: Store Location
A2: MGR001 | B2: Olivia Bennett | C2: olivia.bennett@retailco.example | D2: 0400 111 201 | E2: 43542 | F2: Senior Manager | G2: Sydney
A3: MGR002 | B3: Liam Carter | C3: liam.carter@retailco.example | D3: 0400 111 202 | E3: 44018 | F3: Store Manager | G3: Melbourne
A4: MGR003 | B4: Sophie Nguyen | C4: sophie.nguyen@retailco.example | D4: 0400 111 203 | E4: 43416 | F4: Senior Manager | G4: Brisbane
A5: MGR004 | B5: Ethan Parker | C5: ethan.parker@retailco.example | D5: 0400 111 204 | E5: 44221 | F5: Store Manager | G5: Perth

Sheet Store
A1: Store ID | B1: Store Name | C1: Store Location | D1: Open Date | E1: Store Manager ID | F1: Store Manager
A2: STR001 | B2: Harbour City Flagship | C2: Sydney, NSW | D2: 42979 | E2: MGR001 | F2: Olivia Bennett
A3: STR002 | B3: Yarra Central | C3: Melbourne, VIC | D3: 43234 | E3: MGR002 | F3: Liam Carter
A4: STR003 | B4: River City Plaza | C4: Brisbane, QLD | D4: 43696 | E4: MGR003 | F4: Sophie Nguyen
A5: STR004 | B5: Kings Square Outlet | C5: Perth, WA | D5: 43871 | E5: MGR004 | F5: Ethan Parker

Sheet Customer
A1: Customer ID | B1: First Name | C1: Last Name | D1: Gender | E1: Age | F1: Age Group | G1: Email | H1: Phone | I1: Join Date | J1: Loyalty Tier | K1: Home Store ID | L1: Home Store Location | M1: Suburb | N1: State | O1: Postcode
A2: CUST001 | B2: James | C2: Smith | D2: Male | E2: 34 | F2: 26-35 | G2: james.smith001@example.com | H2: 0401 037 073 | I2: 44562 | J2: Bronze | K2: STR001 | L2: Sydney | M2: Parramatta | N2: NSW | O2: 2150
A3: CUST002 | B3: Amelia | C3: Smith | D3: Female | E3: 26 | F3: 26-35 | G3: amelia.smith002@example.com | H3: 0402 074 146 | I3: 44959 | J3: Silver | K3: STR001 | L3: Sydney | M3: Chatswood | N3: NSW | O3: 2067
A4: CUST003 | B4: Oliver | C4: Smith | D4: Male | E4: 50 | F4: 46-60 | G4: oliver.smith003@example.com | H4: 0403 111 219 | I4: 44258 | J4: Gold | K4: STR001 | L4: Sydney | M4: Bondi | N4: NSW | O4: 2026
A5: CUST004 | B5: Lucas | C5: Smith | D5: Male | E5: 37 | F5: 36-45 | G5: lucas.smith004@example.com | H5: 0404 148 292 | I5: 44655 | J5: Platinum | K5: STR001 | L5: Sydney | M5: Newtown | N5: NSW | O5: 2042
A6: CUST005 | B6: Henry | C6: Smith | D6: Male | E6: 30 | F6: 26-35 | G6: henry.smith005@example.com | H6: 0405 185 365 | I6: 45051 | J6: Bronze | K6: STR001 | L6: Sydney | M6: Parramatta | N6: NSW | O6: 2150
A7: CUST006 | B7: Sophie | C7: Smith | D7: Female | E7: 45 | F7: 36-45 | G7: sophie.smith006@example.com | H7: 0406 222 438 | I7: 44353 | J7: Silver | K7: STR001 | L7: Sydney | M7: Chatswood | N7: NSW | O7: 2067
A8: CUST007 | B8: Leo | C8: Smith | D8: Male | E8: 46 | F8: 46-60 | G8: leo.smith007@example.com | H8: 0407 259 511 | I8: 44749 | J8: Gold | K8: STR001 | L8: Sydney | M8: Bondi | N8: NSW | O8: 2026
A9: CUST008 | B9: Jack | C9: Smith | D9: Male | E9: 30 | F9: 26-35 | G9: jack.smith008@example.com | H9: 0408 296 584 | I9: 45146 | J9: Platinum | K9: STR001 | L9: Sydney | M9: Newtown | N9: NSW | O9: 2042
A10: CUST009 | B10: Mason | C10: Smith | D10: Male | E10: 63 | F10: 46-60 | G10: mason.smith009@example.com | H10: 0409 333 657 | I10: 44448 | J10: Bronze | K10: STR001 | L10: Sydney | M10: Parramatta | N10: NSW | O10: 2150
A11: CUST010 | B11: Emily | C11: Smith | D11: Female | E11: 52 | F11: 46-60 | G11: emily.smith010@example.com | H11: 0410 370 730 | I11: 44844 | J11: Silver | K11: STR001 | L11: Sydney | M11: Chatswood | N11: NSW | O11: 2067
A12: CUST011 | B12: Samuel | C12: Smith | D12: Male | E12: 23 | F12: 18-25 | G12: samuel.smith011@example.com | H12: 0411 407 803 | I12: 45241 | J12: Gold | K12: STR001 | L12: Sydney | M12: Bondi | N12: NSW | O12: 2026
A13: CUST012 | B13: Daniel | C13: Smith | D13: Male | E13: 35 | F13: 26-35 | G13: daniel.smith012@example.com | H13: 0412 444 876 | I13: 44542 | J13: Platinum | K13: STR001 | L13: Sydney | M13: Newtown | N13: NSW | O13: 2042
... A1001: CUST1000 | B1001: Lucas | C1001: Thomas | D1001: Male | E1001: 47 | F1001: 46-60 | G1001: lucas.thomas1000@example.com | H1001: 0400 000 000 | I1001: 44671 | J1001: Platinum | K1001: STR004 | L1001: Perth | M1001: Victoria Park | N1001: WA | O1001: 6100
